{
  "feature_name": [
    "packet_nb_orig",
    "packet_nb_resp",
    "tcp_flag_A",
    "tcp_flag_F",
    "tcp_flag_P",
    "tcp_flag_R",
    "tcp_flag_S",
    "tcp_flag_U",
    "a_l3_payload_size_orig_total",
    "a_l3_payload_size_resp_total",
    "a_l3_payload_size_orig_min",
    "a_l3_payload_size_orig_max"
  ],
  "mdi_importance": {
    "mean_l": [
      0.08357902751454149,
      0.06559737986787556,
      0.0,
      0.004113849200923535,
      0.0023334336636282064,
      0.035568112314562396,
      0.0,
      0.0,
      0.06195797353315115,
      0.15183351079335425,
      0.3349341314963371,
      0.26008258161562636
    ],
    "std_l": [
      0.14429087013859487,
      0.10628389283494688,
      0.0,
      0.006085688182108864,
      0.004557914447987794,
      0.09169365700303989,
      0.0,
      0.0,
      0.11502253910360254,
      0.19420559873435106,
      0.32038457591564323,
      0.3072105914810488
    ],
    "sem_l": [
      0.014501778088594406,
      0.010681933145207923,
      0.0,
      0.0006116346754895498,
      0.0004580876378944051,
      0.009215559270746274,
      0.0,
      0.0,
      0.011560200140625199,
      0.01951839706630794,
      0.032199861422100726,
      0.03087582616866036
    ],
    "ci99_l": [
      0.03808754911215988,
      0.028055087506883045,
      0.0,
      0.0016064006495679418,
      0.0012031238720787492,
      0.02420379516058294,
      0.0,
      0.0,
      0.030361772736596612,
      0.051263224572325274,
      0.08456989176269174,
      0.08109243834742375
    ]
  },
  "permutation_importance": {
    "mean_l": [
      0.0,
      0.0,
      0.0,
      0.0,
      0.0,
      0.0,
      0.0,
      0.0,
      0.0,
      0.0007253886010363031,
      0.18327593343725307,
      0.1442116654744952
    ],
    "std_l": [
      0.0,
      0.0,
      0.0,
      0.0,
      0.0,
      0.0,
      0.0,
      0.0,
      0.0,
      0.0004748783103581401,
      0.009648549744428723,
      0.00703822644038308
    ]
  }
}