{
  "feature_name": [
    "packet_nb_orig",
    "packet_nb_resp",
    "tcp_flag_A",
    "tcp_flag_F",
    "tcp_flag_P",
    "tcp_flag_R",
    "tcp_flag_S",
    "tcp_flag_U",
    "a_l3_payload_size_orig_total",
    "a_l3_payload_size_resp_total",
    "a_l3_payload_size_orig_min",
    "a_l3_payload_size_orig_max"
  ],
  "mdi_importance": {
    "mean_l": [
      0.08856108230853957,
      0.08938714889364176,
      0.0,
      0.003269510186709807,
      0.0,
      0.019276300955389094,
      0.0,
      0.0,
      0.10512716521996608,
      0.16075181189934734,
      0.2971992078489318,
      0.23642777268747459
    ],
    "std_l": [
      0.11184419872325777,
      0.11062358858405971,
      0.0,
      0.005016875131502051,
      0.0,
      0.03920101494632605,
      0.0,
      0.0,
      0.1341700589029783,
      0.17139443294873832,
      0.28882181335927726,
      0.22860965360688182
    ],
    "sem_l": [
      0.011240764913424014,
      0.011118088978665728,
      0.0,
      0.0005042149221593094,
      0.0,
      0.003939850241759925,
      0.0,
      0.0,
      0.013484598287304913,
      0.017225788643839147,
      0.02902768442978119,
      0.022976134680822578
    ],
    "ci99_l": [
      0.02952280631262768,
      0.029200609568101492,
      0.0,
      0.001324272823201638,
      0.0,
      0.010347644175827456,
      0.0,
      0.0,
      0.035416022531017326,
      0.04524190530014524,
      0.07623846879860302,
      0.0603446455129317
    ]
  },
  "permutation_importance": {
    "mean_l": [
      0.0,
      0.0,
      0.0,
      0.0,
      0.0,
      0.0,
      0.0,
      0.0,
      0.0,
      0.0040630561912026264,
      0.4831110300667134,
      0.42569138958719405
    ],
    "std_l": [
      0.0,
      0.0,
      0.0,
      0.0,
      0.0,
      0.0,
      0.0,
      0.0,
      0.0,
      0.004898661870885949,
      0.06126033784443468,
      0.0647976153558495
    ]
  }
}