{
  "feature_name": [
    "packet_nb_orig",
    "packet_nb_resp",
    "tcp_flag_A",
    "tcp_flag_F",
    "tcp_flag_P",
    "tcp_flag_R",
    "tcp_flag_S",
    "tcp_flag_U",
    "a_l3_payload_size_orig_total",
    "a_l3_payload_size_resp_total",
    "a_l3_payload_size_orig_min",
    "a_l3_payload_size_orig_max"
  ],
  "mdi_importance": {
    "mean_l": [
      0.09706285763194883,
      0.09418406803341944,
      0.0,
      0.0013563659768484149,
      0.000813988096590176,
      0.04711446557916202,
      0.0,
      0.0,
      0.08301500532169839,
      0.19906062914705097,
      0.23750283968874442,
      0.23988978052453735
    ],
    "std_l": [
      0.1340710618620109,
      0.12319163381145844,
      0.0,
      0.003130755269260997,
      0.002340913735664771,
      0.09554631385544728,
      0.0,
      0.0,
      0.14165329442427887,
      0.1997319988942919,
      0.2800472121665784,
      0.25234437444768515
    ],
    "sem_l": [
      0.013474648710327811,
      0.012381225050408107,
      0.0,
      0.0003146527435929339,
      0.00023527068266028018,
      0.009602765853334971,
      0.0,
      0.0,
      0.014236691755244715,
      0.02007382118060745,
      0.0281458038285331,
      0.025361563878785402
    ],
    "ci99_l": [
      0.03538989090774703,
      0.03251811704021394,
      0.0,
      0.0008264056829208666,
      0.0006179162048771457,
      0.025220756642188952,
      0.0,
      0.0,
      0.037391324919599685,
      0.05272199349722687,
      0.07392229277481495,
      0.06660974977641829
    ]
  },
  "permutation_importance": {
    "mean_l": [
      0.003696414741925173,
      0.0011070110701106861,
      0.0,
      0.0,
      0.0,
      0.0039424172019497696,
      0.0,
      0.0,
      0.001353013530135283,
      0.007625265782265274,
      0.33441448343611946,
      0.3267631715728946
    ],
    "std_l": [
      0.002530120487136927,
      0.0016909873413120955,
      0.0,
      0.0,
      0.0,
      0.002330256720748723,
      0.0,
      0.0,
      0.0017782081543420375,
      0.004944791646972671,
      0.03263177593401997,
      0.032650288001334085
    ]
  }
}