{
  "feature_name": [
    "packet_nb_orig",
    "packet_nb_resp",
    "tcp_flag_A",
    "tcp_flag_F",
    "tcp_flag_P",
    "tcp_flag_R",
    "tcp_flag_S",
    "tcp_flag_U",
    "a_l3_payload_size_orig_total",
    "a_l3_payload_size_resp_total",
    "a_l3_payload_size_orig_min",
    "a_l3_payload_size_orig_max"
  ],
  "mdi_importance": {
    "mean_l": [
      0.10456549675659436,
      0.06605469415378891,
      0.0,
      0.0015830336385631372,
      0.001237772133721097,
      0.036215745866817944,
      0.0,
      0.0,
      0.06426789167847823,
      0.1786236773648941,
      0.2944110667731681,
      0.25304062163397417
    ],
    "std_l": [
      0.1570334406072789,
      0.12239525236014662,
      0.0,
      0.0027056393949240146,
      0.002580588537012961,
      0.08892764630985268,
      0.0,
      0.0,
      0.1275940813696896,
      0.22245476876261988,
      0.3175862522266055,
      0.3098785991048102
    ],
    "sem_l": [
      0.01578245460705768,
      0.012301185703014169,
      0.0,
      0.0002719269906353688,
      0.0002593589065322473,
      0.008937564736339828,
      0.0,
      0.0,
      0.012823687677979898,
      0.02235754547911767,
      0.031918619309418875,
      0.03114397102398837
    ],
    "ci99_l": [
      0.041451124909263226,
      0.03230790126142131,
      0.0,
      0.0007141905321866851,
      0.0006811816475106823,
      0.023473668798323605,
      0.0,
      0.0,
      0.03368020329991131,
      0.05871997945775894,
      0.08383123594312693,
      0.08179669545879902
    ]
  },
  "permutation_importance": {
    "mean_l": [
      0.0001686340640809414,
      0.0,
      0.0,
      0.0016356457980823155,
      0.0,
      0.0,
      0.0,
      0.0,
      0.0,
      0.0027696111452675588,
      0.21154878520337428,
      0.015510872702249904
    ],
    "std_l": [
      0.0005059021922428241,
      0.0,
      0.0,
      0.00030373179961276945,
      0.0,
      0.0,
      0.0,
      0.0,
      0.0,
      0.001725194346506572,
      0.01211041622355371,
      0.003954930118294005
    ]
  }
}