{
  "feature_name": [
    "packet_nb_orig",
    "packet_nb_resp",
    "tcp_flag_A",
    "tcp_flag_F",
    "tcp_flag_P",
    "tcp_flag_R",
    "tcp_flag_S",
    "tcp_flag_U",
    "a_l3_payload_size_orig_total",
    "a_l3_payload_size_resp_total",
    "a_l3_payload_size_orig_min",
    "a_l3_payload_size_orig_max"
  ],
  "mdi_importance": {
    "mean_l": [
      0.17444019220034698,
      0.14682434078462342,
      0.0,
      0.001884672793767729,
      0.0,
      0.03928159425406273,
      0.01539886537651684,
      0.0,
      0.23328447028727792,
      0.30418297559268986,
      0.0,
      0.08470288871071455
    ],
    "std_l": [
      0.20592094112326315,
      0.17127051329568663,
      0.0,
      0.004803961682626813,
      0.0,
      0.08689686491392548,
      0.017850120871242558,
      0.0,
      0.26175941488395,
      0.24687652630465712,
      0.0,
      0.11486453020582044
    ],
    "sem_l": [
      0.020695833278264523,
      0.01721333425010207,
      0.0,
      0.0004828163154096221,
      0.0,
      0.008733463526596656,
      0.0017940046482546484,
      0.0,
      0.026307811045849477,
      0.024812024463601597,
      0.0,
      0.011544319648883354
    ],
    "ci99_l": [
      0.0543556494650081,
      0.04520919501246706,
      0.0,
      0.0012680714056560528,
      0.0,
      0.022937616267216517,
      0.00471178359856318,
      0.0,
      0.0690949784999319,
      0.06516643645738864,
      0.0,
      0.030320064126421527
    ]
  },
  "permutation_importance": {
    "mean_l": [
      -0.008860759493670855,
      -0.006329113924050611,
      0.0,
      0.0,
      0.0,
      0.01260624045434177,
      0.026302811112937752,
      0.0,
      -0.0113924050632911,
      0.3163878600670538,
      0.0,
      0.12478579038824096
    ],
    "std_l": [
      0.005800728727792183,
      0.006329113924050611,
      0.0,
      0.0,
      0.0,
      0.007946022364557059,
      0.0,
      0.0,
      0.0037974683544303657,
      0.04590844464143273,
      0.0,
      0.02451318087888439
    ]
  }
}